PLFS,Kerala - Percentage distribution of usually working persons (ps+ss) by industry of work (industry sections of NIC-2008) for each State/ UT,Unnamed: 2,Unnamed: 3,Unnamed: 4,Unnamed: 5,Unnamed: 6,Unnamed: 7,Unnamed: 8
,,,,,,,,
,,2017-18,2018-19,2019-20,2020-21,2021-22,2022-23,2023-24
Rural,Rural Male,26.86,29.37,28.8,30.71,26.11,28.44,29.11
,Rural Female,26.09,26.32,33.95,39.26,36.59,46.48,47.49
,Rural Persons,26.65,28.42,30.57,33.6,29.97,35.21,36.19
Urban,Urban Male,11.37,11,12.41,14.27,14.34,12.12,12.58
,Urban Female,9.64,9.68,10.27,17.08,20.15,26.84,22.19
,Urban Persons,10.91,10.61,11.77,15.15,16.24,16.96,16.02
Rural + urban,R + U Male,20.14,20.97,20.95,23.37,20.42,21.05,21.38
,R + U Female,19.04,18.99,23.84,29.96,29.39,38.58,36.38
,R + U Persons,19.85,20.36,21.89,25.53,23.54,27.27,26.97
