Phases,Unnamed: 1,Short run,Medium run,Long run
Scoping for action,Define scope,Domains of action,,
,Visualize end-state,Define parameters to measure impact,Check robustness of parameters,Create approach for impact measurement in said domains
,Prioritize domains based on achievability,,,
,Prepare domain wise ToC,,,
Key ideas for implementation,Find gaps in evidence,,,
,Create research questions,Define research questions based on email insights,"Design research methodology (interviews, focus groups)",Engage stakeholders for interviews
,Outsource research for evidence,"Evaluate potential organizations (IIM K, FED)",Conduct internal check for team bandwidth and synergies,Finalize selection of organization
,Synthesise findings,Data collection through interviews and focus groups,Perform literature review and gather evidence,Draft findings report summarizing insights
,Recreate ToCs for validity,,,
Implementation strategy,Establish core group,Identify members and select group,Schedule regular meetings and set agendas,Discuss funding options
,Visioning workshop,Organize workshop with core group and stakeholders,Present findings and facilitate collaborative visioning discussion,Define boundary conditions for outputs
,Action planning,"Develop annual implementation plans with milestones for short, medium, long-term horizons",Establish monitoring framework with quarterly report cards,
