Pillar,Sub sector,Sector,Evaluation,Implementation,Year,Objective,Status,Unnamed: 8
Energy,Efficiency,Industry,"Identify, Implement and Verify (IIV) scheme",,,Set up energy reduction targets for HT& EHT consumers,,
,,,Energy Audit Subsidy Scheme (EASS),,2020-21,Set up energy audits through subsidies in MSMEs in Kerala for 2020-21,Ended,
,,Buildings,,Eco Niwas Samhita Scheme,2018,Standard setting for residential & commercial buildings to make them more energy efficient,,
,,,,Green buildings incentives,2022,"Reduction in one time building tax, stamp duty and property tax fees for green buildings",,
,,Agriculture & fisheries,PM KUSUM,,2019,Conversion of diesel & electrical pumps to solar pumps,,
,Renewable energy,Transport,,Kerala EV Policy,2019,"Promote EV transition
Develop EV public transport
use of alternate fuels
Development of advanced technologies like driverless personal rapid transit in tier 2 & 3 cities",,
,,,,Inland waterways development,,"Shift goods & passengers to inland waterways, causing less emissions",,
,,Fuel,,Green hydrogen policy,2023,"Aims to establish Kerala as a green hydrogen/ammonia hub, including incentives like 30‑day renewable energy banking, electrolyser roll‑out, transport & land bank.",,
Environment,Conservation,,,Kerala State Environment Policy,2009,"The broad objectives of the environment policy are to ensure conservation, equitable and sustainable use, and efficient management of natural resources; mitigate environmental damage; promote responsible waste disposal; integrate environmental concerns into development; strengthen environmental governance; mobilize resources and partnerships for conservation; and enhance public awareness and participation for sustainability.",,
,,,,Kerala State Environment Plan,2022,Updating the environment policy with a focus on waste management,,
,,,,,,,,
,,,,,,,,
,,,,,,,,
,,,,,,,,
,,,,,,,,Rooftop solar policy
