Unnamed: 0,Date,Discussion
Meeting 1,2025-04-06,"Finalization of a rights-based approach as the foundation thesis to Kerala Vision: the idea that all individuals are guaranteed rights by the constitution which the State must uphold.
Helps in building accountability of the state."
Meeting 2,2025-06-08,"Identification of 7 sectors of action: 
1. Education/skilling
2. Health
3. Tourism
4. Agriculture
5. Livelihoods
6. Water resources
7. Energy

Basic Structure created"
Meeting 3,2025-11-10,"On health: Creation of the One Health approach, the idea that ecological & human health go together, with principles grounded in human rights & environmental ecosystems

R.A. Applications shortlisted."
Meeting 4,2025-08-11,"1. Health: Disease incidences Data from World Bank's program for results approach on vector-borne diseases in Kerala.
2. Kerala's flood prone geography leads to vector-borne diseases, and pushes the burden on public health systems
3. How can social entrepreneurship/community action be used to reduce burden on public health systems?
4. How is public health connected to agriculture, education and toursim
5. Models of volunteering/decentralized action which can be used for better collective action (a la Kudumbashree) 

Operational:
1. RA to join Samagata meetings with Hume, DownToEarth, MSSRF, Nayaneethi
2. Nayaneethi work connected with IIMK for the report
3. Interim report to be receieved on work done so far in November 3rd week
4. Request of extending budget"
