State/UT,10Y GSDP Growth Rate (%)
Andhra Pradesh,6.70%
Arunachal Pradesh,5.11%
Assam,6.96%
Bihar,5.50%
Chhattisgarh,6.19%
Goa,2.92%
Gujarat,8.27%
Haryana,6.65%
Himachal Pradesh,5.84%
Jammu and Kashmir,5.02%
Jharkhand,5.45%
Karnataka,7.44%
Kerala,4.86%
Madhya Pradesh,6.43%
Maharashtra,5.54%
Manipur,5.21%
Meghalaya,3.08%
Mizoram,10.00%
Nagaland,4.76%
Odisha,7.13%
Punjab,5.33%
Rajasthan,5.73%
Sikkim,6.97%
Tamil Nadu,6.37%
Telangana,6.92%
Tripura,7.79%
Uttar Pradesh,5.88%
Uttarakhand,5.44%
West Bengal,4.55%
Andaman and Nicobar Islands,6.22%
Chandigarh,5.65%
Delhi,5.87%
Puducherry,4.16%
