Sub-Region / Area,Classification,Geography,Primary Crops,Primary Livelihood,Weather,Soil Type,Population & Demographics
South,,,,,,,
"Travancore - Thiruvananthapuram, Kollam, Kottayam","Midland, lowland",Rolling hills and coastal plains.,"Rubber (Kottayam is the heartland), Coconut, Tapioca, Pepper, Banana.","Government/Admin (in capital), Service Sector, Rubber Tapping, Coir Industry, Farming.","Hot & Humid 
 (Tropical Monsoon)","Laterite (Midland), 
 Coastal Alluvium (Lowland)",High population density. Thiruvananthapuram is the state capital. Strong Syrian Christian cultural presence in the midland belt.
Kuttanad - Aleppey & Kottayam),"Lowland, Wetland","Below sea-level basin. Reclaimed backwaters, canals, and paddy fields protected by bunds.","Rice, Coconut, Duck Farming","Paddy Farming (specialized), Duck Rearing, Coir Industry, Houseboat Tourism.",Hot & Humid ,"Acid Sulfate Soil - Black, clayey, and water-logged.",Densely populated and settlements on narrow bunds. Life is entirely centered around water.
Idukki,Elevated highland,"High mountains of the Western Ghats, deep valleys, large reservoirs.","Tea, Cardamom, Coffee, Pepper.","Plantation Labor, spice farming, hydro-power, tourism.","Cool & Wet, High rainfall.","Acidic Forest Loam. 
 Rich in organic matter, acidic.","Lower density, clustered in plantation towns."
Central,,,,,,,
Kochi - Ernakulam,Midland & Lowland,"Coastal plains, estuary, backwaters","Coconut, Nutmeg, Pineapple, Rice. (Highly urbanized, less agricultural).","Commerce, Trade, IT hub, Port Operations, Service Sector.",Hot & Humid,"Coastal Alluvium, Laterite.","Highest population density. The cosmopolitan, industrial, and commercial hub of Kerala."
Kole Region - Parts of Thrissur & Malappuram,"Lowland, Wetland",Low-lying wetland basin,"Rice, coconut, arecanut, fishing","Specialized Paddy Farming, Inland Fishing","Hot & Humid, flooded","Alluvial Clay, Laterite","Farming communities bordering the wetlands. Close to Thrissur, the ""Cultural Capital""."
North,,,,,,,
"Malabar - Kozhikode, Malappuram, Kannur",Midland & Lowland,"Rolling hills, laterite plains, coast","Coconut, Areca nut, Cashew, Pepper, Tapioca.","Agriculture, Gulf Remittances (esp. Malappuram), Trade (Kozhikode), Handlooms (Kannur).",Hot & Humid,"Laterite, Coastal Alluvium.","High density. Strong Mappila (Muslim) cultural heritage, distinct cuisine, and dialect. Kannur is a hub for Theyyam."
Palakkad Gap,Midland,"A large, flat, dry plain forming a gap in the Western Ghats.","Rice, Palmyra Palms, Cotton, Groundnut.","Paddy Farming, Toddy Tapping, Small-scale industries.",Hotter & Drier than the rest of Kerala,"Black Cotton Soil, Red Loam. (Unique to this region).",High cultural and linguistic overlap with neighboring Tamil Nadu.
Wayanad,Highland,A high-altitude plateau in the Western Ghats.,"Coffee, Black Pepper, Banana, Ginger, Tea.","Smaller-scale Farming, Coffee/Pepper Cultivation, Eco-tourism.",Cool & Misty.,"Forest Loam, Hill soil, Laterite.","Relatively lower density. Has the largest tribal population in Kerala- Paniya, Adiya tibes"
Kasaragod,Midland & Lowland,Rolling laterite hills and a coastal plain with many rivers.,"Coconut, Areca nut, Rubber, Cashew.","Agriculture, Fishing, Beedi Rolling.",Hot & Humid,"Laterite, Coastal Alluvium.","A linguistic borderland. High prevalence of Tulu and Kannada speakers. Culturally distinct (Theyyam, Yakshagana)."
