Industrial Effluence & Discharge Compliance,Unnamed: 1,Unnamed: 2,Unnamed: 3,Unnamed: 4,Unnamed: 5,Unnamed: 6
Industrial Entity,Monitoring Status,Compliance Parameter,Discharge Site Compliance Data,Orgs of interest,Comments,Relatable actors/models outside Kerala as reference for similar work
Eloor-Edayar Belt,Periodic Monitoring,Dissolved Oxygen (DO),Periyar River,,"Most of this data is with ULBs/Panchayats. The declarations are only periodically request by courts in cases, when a board/tribunal/committee releases data publicly. This requires a deeper investigation.",
BPCL-KR,OCEMS Integrated,"SO2, Water Intake",Chitrapuzha River,,,
KMML (Kollam),Remedial Actions,"Heavy Metals, pH",TS Canal / Sea,,,
Cochin Shipyard,Six-Monthly Reports,Marine Hydrodynamics,Kochi Port,,,
"Koratty river, NGI Ltd",,,,,,
,,,,,,
Ecological data,,,,C,,
Ecological Header,Monthly Satellite Capability,Preferred Sensor / Dataset,Availability Status,Orgs of interest,Comments,
Land Use Patterns,High (5-day revisit),"Sentinel-2 (Bands 2,3,4,8)",Available via GEE 5,,All of these available at CoRE Stack/Water data at India WRIS,
Hydrological Boundaries,Indirect (Runoff modeling),Sentinel-1 (SAR) / CHIRPS,Modeled (Boundaries are static),,,
Water Bodies Mapping,High (Monthly Recurrence),JRC Global Surface Water,Available (1984-Present),,,
Groundwater Level,Low (Coarse spatial resolution),NASA GRACE / GLDAS,Available as Regional Anomaly,,,
,,,,,,
Administrative and Economic Data Continuity,,,,,,
Header,Monthly Availability,10-Year Annual Count,Data Source / Agency,Orgs of interest,Comments,
Ward Boundaries,No,Periodic (Census/Delim.),Delimitation Commission / IKM,,,
Waste Management,Partial (App-based),Yes (Aggregated),Suchitwa Mission / LSGD,,"Latest report in Malayalam, report cited is from 2018-19",
Renewable Energy,Yes (Grid Stats),Yes,KSEB / SLDC / ANERT 22,"1. CSTEP
2. Mudit's network",,
Legacy Remediation,No,No (Project-specific),Suchitwa Mission,,"Scheme, but no data",
Fleet Electrification,Yes (Vahan),Yes (Last 5-7 years),Transport Dept / Vahan,,"No fleet data, but total EVs, yes",
GHG Emissions,No,Yes (2005-2018),GHG Platform India / Vasudha,,Surprisingly little data - there will be more existing,
Defunct Aquifers,No,Periodic (GEC),CGWB / SGWD,,Green tribunal report touches but doesn't go deeper,
Emission Credits,No,Yes (Registry based),ULBs,Verra,ULBs will have this data. Though not sure how useful it is anymore.,
ODS and HFC,No,Yes (National Proxy),MoEFCC Ozone Cell / MoSPI,,Data should exist somewhere in MoSPI since they aggregate this for India,
Industrial Compliance,Yes (OCEMS),Partial (Reports),KSPCB / Phoenix Portal,,"Pheonix is very good, surprised to not have heard of it before",
,,,,,,
Livelihoods,,,,,,
Header,Annual availability,10-Year Annual Count,Data Source / Agency,Orgs of interest,Comments,
HH Incomes,Yes,Yes,NSSO,,Most of this data is easily available barring HH Savings,
HH Consumption,Yes,Yes,NSSO,,,
HH Savings,No,No,,Data For India,,
Unemployment,Yes,Yes,PLFS,,,
Occupations,Yes,Yes,PLFS,,,
Housing owned or rented,Yes,Yes,NSSO,,,
HH health expenditure,Yes,Yes,data.gov.in,,,
