Policy Area,Subject Under Constitution,Primary Budgeting Authority,Implementation Level,Source,Partners
Tourism (growth),"State subject, implemented via LSGs","State Govt, District Panchayat, RT Mission",Panchayat / ULB / RT Mission,"Kerala RT Mission, Tourism Policy 2017",
Ecological tourism (blue-green infra),State & LSG,State Tourism + LSGs (RT Mission),Panchayat / ULB,"Responsible Tourism, RT Policy",TAGS/Janaagraha
Healthcare (public),Devolved (11th Schedule),State Health Dept + LSGs (NHM),"PHCs at Panchayat, Hospitals at District","NHM Kerala, LSGD Health Functions",
Education (public schools),Concurrent (mostly state-administered),"State Govt, Panchayats (infra, staffing)","Panchayat (primary), District (secondary)","Samagra Shiksha Kerala, Kerala Education Portal",
Higher education institutions,"Union list (Entry 66, 25)",Ministry of Education (GoI),"Central institutions (e.g., IIT Palakkad)","Ministry of Education, IIT Palakkad",
Agriculture (growth + sustainability),Devolved (11th Schedule),Panchayat / District,Panchayat level,"Kerala Agriculture Dept, Agri Policy",
Nature conservation,State and union (Concurrent),"State Forest Dept, MoEFCC",Forest Dept with LSG support,"Kerala Forest Dept, MoEFCC India",Hume
Sanitation / waste management,Devolved (11th/12th Schedule),ULBs / Panchayats,Panchayat / Municipality,"Suchitwa Mission, LSGD",TAGS Forum
Urban planning & real estate,ULB via 74th Amendment,"ULBs, State (AMRUT, PMAY, etc.)",Municipality / Corporation,"Urban Affairs Dept, AMRUT",
"Services Export (IT, BPO, animation, professional)",Union/State shared (Commerce),"State IT Dept, Central Export schemes","State SEZs, IT Parks","Kerala IT Parks, SEZ India",
Maritime Services (ports & shipping),Union list (Entry 27 – Maritime shipping & navigation),"Ministry of Ports, Shipping and Waterways (MoPSW)",Central & State Ports (via PPP or Port Trusts),"MoPSW India, Vizhinjam Port, Kochi Port Trust",
,,,,,
,,,,,
,,,,,
Principles:,,,,,
1. Build existing areas of economic growth,,,,,
2. Build ecological sensitivity,,,,,
3. Increase livelihoods,,,,,
,,,,,
Work backwards to State Livability Index,,,,,
