Rural,Unnamed: 1,Unnamed: 2,Unnamed: 3,Unnamed: 4,Unnamed: 5,Unnamed: 6,Unnamed: 7,Unnamed: 8,Unnamed: 9,Unnamed: 10,Unnamed: 11,Unnamed: 12,Unnamed: 13,Unnamed: 14,Unnamed: 15,Unnamed: 16,Unnamed: 17,Unnamed: 18,Unnamed: 19,Unnamed: 20,Unnamed: 21
Years,A,B,C,D,E,F,G,H,I,J,K,L,M,N,O,P,Q,R,S,T,
,"Agriculture, forestry and fishing",Mining and quarrying,Manufacturing,"Electricity, gas, steam and air conditioning supply","Water supply; sewerage, waste management and remediation activitie",Construction,Wholesale and retail trade; repair of motor vehicles and motorcycle,Transportation and storage,Accommodation and Food service activities,Information and communication,Financial and insurance activities,Real estate activities,"Professional, scientific and technical activities",Administrative and support service activities,Public administration and defence; compulsory social securit,Education,Human health and social work activities,"Arts, entertainment and recreatio",Other service activities,Activities of households as employers; undifferentiated goods and services producing activities of households for own use,
2017-18,26.86,0.5,9.18,0.46,0.15,22.17,13.25,11.85,3.35,0.81,1.66,0.19,0.81,1.43,1.72,1.7,0.61,0.55,2.51,0.28,100.04
2018-19,29.37,0.64,8.93,0.47,0.12,21.25,14.06,9.77,3.36,0.92,1.93,0.12,1.2,0.97,1.65,1.39,0.97,0.76,2.02,0.19,100.09
2019-20,26.86,0.5,9.18,0.46,0.15,22.17,13.25,11.85,3.35,0.81,1.66,0.19,0.81,1.43,1.72,1.7,0.61,0.55,2.51,0.28,100.04
2020-21,30.71,0.54,10.49,0.34,0.04,21.76,12.73,8.84,2.48,1.38,1.24,0.14,1.25,0.62,1.17,1.75,0.89,0.58,2.89,0.16,100.0
2021-22,26.11,0.32,10.2,0.45,0.38,24.05,12.51,9.15,2.28,1.82,1.51,0.16,0.86,0.79,1.61,2.29,1.65,0.88,2.91,0.05,99.98
2022-23,28.44,0.48,9.4,0,0.51,21.86,14.64,9.03,3.07,1.38,2.23,0.21,1.04,1.11,1.4,1.7,0.71,1.07,1.63,0.07,99.98
2023-24,29.11,0.48,6.59,0.68,0.28,20.67,16.34,8.81,4.43,1.88,1.33,0.18,1.24,1.99,1.42,0.88,0.72,0.52,2.05,0.4,100.0
,,,,,,,,,,,,,,,,,,,,,
Urban,,,,,,,,,,,,,,,,,,,,,
Years,A,B,C,D,E,F,G,H,I,J,K,L,M,N,O,P,Q,R,S,T,
,"Agriculture, forestry and fishing",Mining and quarrying,Manufacturing,"Electricity, gas, steam and air conditioning supply","Water supply; sewerage, waste management and remediation activitie",Construction,Wholesale and retail trade; repair of motor vehicles and motorcycle,Transportation and storage,Accommodation and Food service activities,Information and communication,Financial and insurance activities,Real estate activities,"Professional, scientific and technical activities",Administrative and support service activities,Public administration and defence; compulsory social securit,Education,Human health and social work activities,"Arts, entertainment and recreatio",Other service activities,Activities of households as employers; undifferentiated goods and services producing activities of households for own use,
2017-18,11.37,0.16,12.05,0.52,0.36,21.63,19.35,12.45,2.88,1.32,2.28,0.36,1.79,2.01,2.21,2.02,1.86,0.95,3.03,0.39,98.99
2018-19,11,0.2,12.29,0.83,0.44,21.43,19.36,12,4.11,2,2.74,0.31,2.17,1.6,2.32,2.14,1.45,1.02,2.43,0.18,100.02
2019-20,11.37,0.16,12.05,0.52,0.36,21.63,19.35,12.45,2.88,2.32,2.28,0.36,1.79,2.01,2.21,2.02,1.86,0.95,3.03,0.39,99.99
2020-21,14.27,0.21,11.5,0.79,0.13,20.72,17.22,10.87,3.99,2.82,2.51,0.34,2.44,1.53,2.59,2.62,1.14,0.89,2.81,0.11,99.5
2021-22,14.34,0.12,9.28,0.22,0.08,23.15,18.59,9.64,3.05,3.39,2.24,0.51,2.58,1.38,2.13,2.01,2.1,1.49,3.28,0.42,100.0
2022-23,12.12,0.49,12.36,0.26,0.45,21.91,19.48,8.99,3.73,2.57,2.78,0.77,1.86,1.04,2.5,2.23,2.1,1.33,2.64,0.4,100.01
2023-24,12.58,0.38,10.91,0.71,0.21,17.88,21.51,8.99,5.43,3.16,3.2,0.52,2.24,1.51,1.9,2.88,1.72,1.48,2.45,0.33,99.99
