Questions of 3 types,Unnamed: 1,Unnamed: 2
- What is the end state of the document (before it is implemented)?,,
,Is it a public manifesto with broad goals or a government policy document?,
- Who gets to implement it?,,
,Top down - Government + institutes + private industry,
,,"Kerala has 30 state government universities + 3 central government institues (CUK, IIT Palakkad, IIMK) "
,Is there precedence? ,
,,"Yes, Austin & Bangalore"
,Bottom up - Civil society + private institutes + private industry,
,Is there precedence? ,
,,Will have to study
"- When we speak of sustainability based green jobs, are we talking of a sustianability industry, or sustianbility within an industrial system itself?",,
,Is there precdence of sustainability based economy in cities?,
,,Copenhagen's 2025 net zero pledge ended - https://www.climatechangenews.com/2022/09/16/copenhagens-failure-to-meet-2025-net-zero-target-casts-doubt-on-other-city-pledges/
,,"Oslo - 2030 net zero, needs to be studied more"
,,
Partner based:,,
,"FED: Troubled history of Govt work, Outsource critical research to other orgs",
,,
Project based:,,
,- Vision docs are normally election manifestos in the Indian context.,
,- Breadth issues,
,,Topics surpass implementability 
,,Cross cutting interests
,- Estimation of a social rate of return (or a considerable proxy),
,- Who will implement? Are we looking at decentralized implementation (market approach) or scalable implementation?,
,"- A mixed approach will need a working, stress tested and replicable pilot results before being presented to the government",
