Kerala,Year,GSDP (cr),Revenue Expenditure (cr),RE as % of GSDP,Fiscal Deficit (cr),FD as % of GSDP,Capital Outlay (cr),CO as % of GSDP,Other capex (cr) [loans & debt repayment],Capital expenditure (cr),Capex as % of GSDP
,2004-2005,119264,17169,14.3957942,4452,3.73289509,682,0.5718406225,2424,3106,2.604306413
,2005-2006,136841.76,18424,13.46372628,4182,3.056084634,817,0.5970399679,1874,2691,1.966504962
,2006-2007,153784.88,20825,13.54164337,3822,2.485289841,903,0.5871838636,1432,2335,1.51835473
,2007-2008,175141.08,24892,14.21254225,6100,3.482906466,1475,0.8421782029,2326,3801,2.170250406
,2008-2009,202782.79,28224,13.9183409,6346,3.129456893,1696,0.8363628886,2634,4330,2.135289686
,2009-2010,231998.67,31132,13.41904245,7872,3.3931229,2059,0.8875050879,2642,4701,2.02630472
,2010-2011,263773.3,34665,13.14196698,7730,2.930546799,3364,1.275337572,2736,6100,2.312591911
,2011-2012,364047.88,46044.62,12.64795719,12814.77,3.520078183,3852.92,1.058355291,3892.08,7745,2.127467409
,2012-2013,412313,53489,12.97291136,15002,3.638497937,4603,1.116384882,3941,8544,2.07221213
,2013-2014,465041.21,60486,13.00658924,16944,3.643548063,4294,0.9233590288,4590,8884,1.910368331
,2014-2015,512564.05,71746.43,13.99755406,18641.73,3.636956201,4254.59,0.8300601652,3934.41,8189,1.597653991
,2015-2016,561993.61,78689,14.00176063,17818,3.170498682,7500,1.334534747,4917,12417,2.209455727
,2016-2017,634886,91096,14.34840271,26448,4.165787244,10126,1.594932004,5935,16061,2.529745498
,2017-2018,701588.26,99948,14.24596244,26837,3.825178032,8749,1.247027708,8337,17086,2.435331515
,2018-2019,788285.58,110316,13.99442065,26958,3.419826606,7431,0.9426786673,10820,18251,2.315277669
,2019-2020,812934.63,104720,12.88172457,23838,2.932339098,8455,1.040059027,9996,18451,2.26967819
,2020-2021,771723.89,123446,15.99613561,40970,5.308893573,12890,1.670286506,11723,24613,3.189353125
,2021-2022,924465.42,146180,15.8123816,46046,4.980824486,14192,1.535157475,15880,30072,3.252906961
,2022-2023,1023602.46,141951,13.86778613,25555,2.496574696,13997,1.367425397,,,
,2023-2024,1146108.67,142626,12.44436969,34258,2.989070836,13584,1.185227924,,,
revised,2024-2025,1275412,162126,12.7116571,44747,3.508434921,14070,1.103172935,,,
budgeted,2025-2026,1427145,179476,12.57587701,45039,3.155881147,16938,1.186845065,,,
,,,,,,,,,,,
Karnataka,Year,GSDP (cr),Revenue Expenditure (cr),RE as % of GSDP,Fiscal Deficit (cr),FD as % of GSDP,Capital Outlay (cr),CO as % of GSDP,Other capex (cr) [loans & debt repayment],Capital expenditure (cr),Capex as % of GSDP
,2004-2005,166747.13,24932,14.95198148,3600,2.158957698,4674,2.803046745,4641,9315,5.586303045
,2005-2006,195904.07,28041,14.3136383,3687,1.882043594,5822,2.971862708,1110,6932,3.538466557
,2006-2007,227237.06,33435,14.71370911,4688,2.063043766,8543,3.759510002,2106,10649,4.686295448
,2007-2008,270628.79,37375,13.81043015,5331,1.969856939,8649,3.195890578,2007,10656,3.93749682
,2008-2009,310312.33,41659,13.42486133,8732,2.813939105,9870,3.180666395,2510,12380,3.989528872
,2009-2010,337558.5,47537,14.08259605,10874,3.221367556,12137,3.595524924,3290,15427,4.5701708
,2010-2011,410703.16,54034,13.15646074,10688,2.602366147,13355,3.251740259,4545,17900,4.358378932
,2011-2012,606009.81,65115,10.74487557,12300,2.029670114,15506,2.558704454,5135,20641,3.406050473
,2012-2013,695413.02,76293,10.97089036,14507,2.086098417,15478,2.225727669,4830,20308,2.920278944
,2013-2014,816666.15,89190,10.9212314,17092,2.092899283,16947,2.07514417,4512,21459,2.627634315
,2014-2015,913923.03,103614,11.33727859,19577,2.14208411,19622,2.147007938,5389,25011,2.736663721
,2015-2016,1045168.1,117029,11.19714618,19169,1.834059038,20713,1.981786471,4767,25480,2.437885351
,2016-2017,1207607.72,131921,10.92416004,28665,2.373701288,28150,2.331054989,9355,37505,3.105727082
,2017-2018,1333239.99,142482,10.68689816,31101,2.332738309,30667,2.30018603,13361,44028,3.302331188
,2018-2019,1479391.43,164300,11.10591806,38442,2.598500925,34659,2.342787669,15570,50229,3.395247463
,2019-2020,1615826.53,174257,10.78438785,38166,2.362010977,35529,2.198812765,13939,49468,3.061467248
,2020-2021,1641460.2,176054,10.72545043,67098,4.087701913,45406,2.76619561,13685,59091,3.599904524
,2021-2022,1978094.25,209428,10.58736205,65617,3.317182687,47874,2.420208238,18181,66055,3.339325212
,2022-2023,2269995.09,215584,9.497113053,46622,2.053837042,57348,2.526349077,,,
,2023-2024,2500733.08,242614,9.701715147,65522,2.620111699,52120,2.084188849,,,
revised,2024-2025,2861929,283928,9.92086107,82940,2.898045339,54412,1.901235146,,,
budgeted,2025-2026,3070103,311739,10.15402415,90428,2.945438638,68172,2.22051182,,,
,,,,,,,,,,,
Tamil Nadu,Year,GSDP (cr),Revenue Expenditure (cr),RE as % of GSDP,Fiscal Deficit (cr),FD as % of GSDP,Capital Outlay (cr),CO as % of GSDP,Other capex (cr) [loans & debt repayment],Capital expenditure (cr),Capex as % of GSDP
,2004-2005,219003.22,29155,13.31258965,5570,2.5433416,4564,2.083987624,8061,12625,5.764755422
,2005-2006,257833.45,32009,12.4146033,2251,0.8730442074,4055,1.572720685,2681,6736,2.612539219
,2006-2007,310525.73,38265,12.32265036,3956,1.273968505,5952,1.916749379,6930,12882,4.148448504
,2007-2008,350818.64,42975,12.24991922,3686,1.050685334,7462,2.127024949,5311,12773,3.640912581
,2008-2009,401336,53590,13.35290131,8548,2.12988618,9104,2.268423466,5029,14133,3.521488229
,2009-2010,479733.42,59375,12.37666536,11807,2.461158533,8573,1.787034141,4782,13355,2.783837741
,2010-2011,584896.26,72916,12.46648423,16647,2.846145742,12436,2.12618901,5529,17965,3.071484848
,2011-2012,751485.76,83838,11.15629922,17274,2.298646351,16336,2.173826953,9291,25627,3.410177726
,2012-2013,854825.35,97067,11.35518501,16519,1.932441522,14568,1.704207766,9760,24328,2.845961459
,2013-2014,968530.45,109825,11.33934405,20583,2.125178408,17173,1.773098616,7195,24368,2.515976653
,2014-2015,1072677.97,128828,12.00994181,27162,2.532167226,17803,1.659677974,10780,28583,2.664639416
,2015-2016,1176500.03,140993,11.98410509,32628,2.773310597,18995,1.614534595,8907,27902,2.371610649
,2016-2017,1302638.58,153195,11.76036104,56171,4.312093996,20709,1.589773274,34215,54924,4.216365218
,2017-2018,1465050.91,167874,11.45857791,39840,2.719359425,20203,1.378996447,15474,35677,2.435205477
,2018-2019,1630209.15,197201,12.0966687,47335,2.903615159,24311,1.491281042,21505,45816,2.810436931
,2019-2020,1743143.96,210435,12.07215266,60179,3.452325303,25632,1.470446537,21874,47506,2.725305602
,2020-2021,1788074.37,236402,13.22103845,93983,5.256101288,33068,1.849363794,20063,53131,2.971408846
,2021-2022,2072495.79,254030,12.25720222,81835,3.948620808,37011,1.785817862,23378,60389,2.913829803
,2022-2023,2393364.44,279964,11.69750813,81886,3.421376144,39530,1.651649842,,,
,2023-2024,2721570.51,309718,11.38012037,90442,3.323154762,40500,1.488111363,,,
revised,2024-2025,3115998,340374,10.92343448,101356,3.252762036,46766,1.500835366,,,
budgeted,2025-2026,3567818,373204,10.46028693,106968,2.998134995,57231,1.60408967,,,
,,,,,,,,,,,
Andhra Pradesh,Year,GSDP (cr),Revenue Expenditure (cr),RE as % of GSDP,Fiscal Deficit (cr),FD as % of GSDP,Capital Outlay (cr),CO as % of GSDP,Other capex (cr) [loans & debt repayment],Capital expenditure (cr),Capex as % of GSDP
,2004-2005,134766.88,,,8192,6.078644842,5414,4.017307517,10431,15845,11.75733979
,2005-2006,147606.42,,,8300,5.623061653,7662,5.190831131,5729,13391,9.072098626
,2006-2007,174064.28,,,5643,3.241905806,9904,5.689852048,5306,15210,8.738151216
,2007-2008,212360.71,,,8787,4.137771059,12774,6.015236999,8118,20892,9.837978033
,2008-2009,237383.49,,,12406,5.226142728,10366,4.36677378,8584,18950,7.982863509
,2009-2010,273326.61,,,14010,5.125735837,13793,5.04634364,7834,21627,7.912511702
,2010-2011,319863.94,78534,24.55231434,11803,3.690006445,11123,3.477416054,10978,22101,6.909500333
,2011-2012,379402.03,93553,24.6580125,15402,4.059546018,13722,3.616743959,11744,25466,6.712141208
,2012-2013,411403.71,102702,24.96380016,17508,4.255673825,15149,3.68227112,11590,26739,6.499455243
,2013-2014,464272.01,110374,23.77356326,18041,3.885868545,15280,3.291174068,10975,26255,5.655089998
,2014-2015,524975.64,90671,17.27146806,31747,6.047328215,11405,2.172481756,7149,18554,3.534259228
,2015-2016,604228.62,95950,15.87975095,21863,3.618332412,14172,2.345469832,6515,20687,3.423704094
,2016-2017,684415.87,116178,16.97476711,30909,4.516113865,15181,2.218095849,6186,21367,3.121932284
,2017-2018,786135.42,121214,15.41897196,32373,4.117992801,13491,1.716116544,12231,25722,3.271955359
,2018-2019,873721.11,128569,14.71510743,35441,4.056328684,19976,2.286313078,15388,35364,4.047515803
,2019-2020,925839.12,137475,14.84869207,39684,4.28627384,12242,1.322259962,23982,36224,3.912558804
,2020-2021,978581.46,152677,15.60186926,55167,5.63744586,18975,1.939031218,15450,34425,3.51784715
,2021-2022,1148471.29,159163,13.8586834,25013,2.177938641,16373,1.425634245,16058,32431,2.823840725
,2022-2023,1303523.62,201256,15.43938268,52508,4.028158692,7244,0.5557244908,,,
,2023-2024,1439673.87,212450,14.75681433,62720,4.356542222,23330,1.6205059,,,
revised,2024-2025,1606109,224343,13.96810553,73362,4.567685008,24072,1.49877748,,,
budgeted,2025-2026,1825000,251163,13.76235616,79927,4.379561644,40636,2.226630137,,,
,,,,,,,,,,,
Telangana,Year,GSDP (cr),Revenue Expenditure (cr),RE as % of GSDP,Fiscal Deficit (cr),FD as % of GSDP,Capital Outlay (cr),CO as % of GSDP,Other capex (cr) [loans & debt repayment],Capital expenditure (cr),Capex as % of GSDP
,2004-2005,89946.28,,,,,,,,,
,2005-2006,108334.79,,,,,,,,,
,2006-2007,126970.7,,,,,,,,,
,2007-2008,152451.99,,,,,,,,,
,2008-2009,189381.94,,,,,,,,,
,2009-2010,203508.33,,,,,,,,,
,2010-2011,263897.74,,,,,,,,,
,2011-2012,359434.11,,,,,,,,,
,2012-2013,401593.61,,,,,,,,,
,2013-2014,451580.4,,,,,,,,,
,2014-2015,505848.79,50673,10.01742042,9410,1.860239697,8373,1.655237724,,11583,2.289814709
,2015-2016,577902.06,75896,13.13302119,18498,3.2008884,13590,2.351609544,,21556,3.730043807
,2016-2017,658325.34,81432,12.36956791,35231,5.351609282,33371,5.069074206,,40253,6.114453987
,2017-2018,750050.28,85365,11.381237,26514,3.534963016,23902,3.186719696,,34661,4.621156864
,2018-2019,857427.15,97083,11.32259458,26944,3.142424403,22641,2.640574188,,38239,4.459737483
,2019-2020,950090.49,108798,11.45133028,31751,3.341892202,16859,1.774462557,,34051,3.583974406
,2020-2021,943077.99,123212,13.06487918,49030,5.198933759,15922,1.688301516,,34327,3.639889846
,2021-2022,1124085.64,136803,12.17015814,46631,4.148349409,28874,2.568665498,,46186,4.108761678
,2022-2023,1311823.02,153407,11.69418417,32557,2.481813439,17881,1.363064966,,,
,2023-2024,1501981.41,168514,11.21944645,49977,3.327404698,43918,2.924004233,,,
revised,2024-2025,1612568,196219,12.16810702,46764,2.89997073,33088,2.051882463,,,
budgeted,2025-2026,1800325,226982,12.6078347,54010,3.000013886,36504,2.027633899,,,
