- Bhopal trip,Unnamed: 1
- Partners for consideration,
,"Janaagraha - systems spproach, will work with the local government, want to have a pilot city"
,"Veditum - India Sand Watch, working with Rainmatter, have a ward champions model to create accountability with local governance"
,"Civis - out of Kerala Vision, simplifying stakeholder consultations and public feedback on laws"
,FES - work on rural commons
,Mathews - Out of Kerala Vision
- Janaagraha meeting,
,Key execution role with the pilot
,1 year plan for vision - For Kerala elections
,"Intersectionality of systems - governance, economy, social behaviour"
,Dual track approach - stregthening local governance as well as public participation
,Want to be onboarded as thought partners
- Our role,
,Let a thousand flowers bloom?
- Our questions,
,Levers of behavioural change at a societal level
,Should we build a piece on Kerala's socal context - co-author with someone more suited for this
,Green economy - systems approach or economy approach
